Index,temperature,sodium,magnesium,reaction rate constant,timescale,concentration 1,concentration 2,sequence1,sequence2,sequence3,sequence4,,,,,,,,,,,Mismatch position
N1-9,23,0.01,,0.337521845,,0.00000001,0.00000001,AGGACTTGT,TCAAGTCCT,,,,,,,,,,,,,1
N2-9,23,0.01,,4.194126348,,0.00000001,0.00000001,AGGACTTGT,AGAAGTCCT,,,,,,,,,,,,,2
N3-9,23,0.01,,4.380356263,,0.00000001,0.00000001,AGGACTTGT,ACTAGTCCT,,,,,,,,,,,,,3
N4-9,23,0.01,,4.574855262,,0.00000001,0.00000001,AGGACTTGT,ACATGTCCT,,,,,,,,,,,,,4
N5-9,23,0.01,,4.194126348,,0.00000001,0.00000001,AGGACTTGT,ACAACTCCT,,,,,,,,,,,,,5
N6-9,23,0.01,,4.574855262,,0.00000001,0.00000001,AGGACTTGT,ACAAGACCT,,,,,,,,,,,,,6
N7-9,23,0.01,,3.525086768,,0.00000001,0.00000001,AGGACTTGT,ACAAGTGCT,,,,,,,,,,,,,7
N8-9,23,0.01,,0.877801314,,0.00000001,0.00000001,AGGACTTGT,ACAAGTCGT,,,,,,,,,,,,,8
N9-9,23,0.01,,0.113920996,,0.00000001,0.00000001,AGGACTTGT,ACAAGTCCA,,,,,,,,,,,,,9
N9   ,23,0.01,,0.089189189,,0.00000001,0.00000001,AGGACTTGT,ACAAGTCCT,,,,,,,,,,,,,-1
