Index,temperature,sodium,magnesium,rate 10^5 /M /s,timescale,concentration 1,concentration 2,sequence1,sequence2,sequence3,sequence4
0,25,0.195,0,35,,0.00000005,,GCCCACACTCTTACTTATCGACT,,,
1,25,0.195,0,21,,0.00000005,,AGAGGCTTATAACTGTGTCGGGT,,,
2,25,0.195,0,22.1,,0.00000005,,TGTTCTAAGATTATCCTCCCGCC,,,
3,25,0.195,0,28,,0.00000005,,GGCGGCTATAACAATTTCATCCA,,,
4,25,0.195,0,4.3,,0.00000005,,TAGCCCAGTGATTTATGACATGC,,,
5,25,0.195,0,43,,0.00000005,,GCATCTACACTCAATACCCAGCC,,,
6,25,0.195,0,9.2,,0.00000005,,GCCCGTACTGTTGAGATTATGGT,,,
7,25,0.195,0,48,,0.00000005,,GCACCTCCAAATAAAAACTCCGC,,,
8,25,0.195,0,12.5,,0.00000005,,AGATCAGAGATAGTTACGCCGCA,,,
9,25,0.195,0,7.3,,0.00000005,,TATGTTCCTTACCCCGTTTACCA,,,
10,25,0.195,0,10.2,,0.00000005,,TAGCCAACTCTAAATAACGGACG,,,
11,25,0.195,0,7.7,,0.00000005,,GAAGGAATGTTAAAATCGTCGCG,,,
12,25,0.195,0,14.3,,0.00000005,,TTTGTTTTCCTTATGAGCCAGCC,,,
13,25,0.195,0,13.5,,0.00000005,,GCCCCGATATCTATTTTAGGACG,,,
14,25,0.195,0,1.038,,0.00000005,,CGCAGGAGAGTTAAACGAAAGCA,,,
15,25,0.195,0,15.5,,0.00000005,,GGCTCTATACGATTAAACTCCCC,,,
16,25,0.195,0,12.1,,0.00000005,,CATCTGAACGAGTAAGGACCCCA,,,
17,25,0.195,0,5.23,,0.00000005,,CGTCTATTGCTTGTCACTTCCCC,,,
18,25,0.195,0,10.5,,0.00000005,,AGTCCTTGGTTATCATTCCCTCT,,,
19,25,0.195,0,6.3,,0.00000005,,GGTCTCAGCTAATTTCACACAGA,,,
20,25,0.195,0,4.7,,0.00000005,,TGGGGGGCATAAAACGATACTAG,,,
21,25,0.195,0,7,,0.00000005,,TGCTCACTTACATTACGTCCATG,,,
22,25,0.195,0,26,,0.00000005,,ACCCTTTATCCTGTAACTTCCGC,,,
23,25,0.195,0,1.73,,0.00000005,,GCCTAGTGAAACCGTAAGTGCAT,,,
24,25,0.195,0,0.874,,0.00000005,,TCAGCACTCTACTTGACGGACTT,,,
25,25,0.195,0,31,,0.00000005,,AGGTTAGGATTTGTCGGGAGATG,,,
26,25,0.195,0,0.368,,0.00000005,,GTCCCGGAAAATACTATGAGACC,,,
27,25,0.195,0,5.9,,0.00000005,,GGCGCTTAAATCATCTTTCATCG,,,
28,25,0.195,0,0.759,,0.00000005,,CCGTCGTGTTATTAAAGACCCCT,,,
29,25,0.195,0,0.488,,0.00000005,,GAGTCAATCGAGTTTACGTGGCG,,,
30,25,0.195,0,2.17,,0.00000005,,TTCGGTTCTCTCCAAAAAAAGCA,,,
31,25,0.195,0,1.58,,0.00000005,,TGGCACTTATAGCTGTCGGAAGA,,,
32,25,0.195,0,22,,0.00000005,,GAGTCCGCAAAAATATAGGAGGC,,,
33,25,0.195,0,10.6,,0.00000005,,CGAGAGTCTGTAATAGCCGATGC,,,
34,25,0.195,0,10.8,,0.00000005,,GCCTCACATAACTGGAGAAACCT,,,
35,25,0.195,0,28.3,,0.00000005,,GGCTGTCAATTTATCAGGGAGGC,,,
36,25,0.195,0,0.773,,0.00000005,,TTCGCTGATTGTAGTGTTGCACA,,,
37,25,0.195,0,1.96,,0.00000005,,ATGGGAACCTAAAAGTGTGGCTA,,,
38,25,0.195,0,30,,0.00000005,,GCATTGAGGTATTGTTGCTCCCA,,,
39,25,0.195,0,14.7,,0.00000005,,CCATCAGGAATGACACACACAAA,,,
40,25,0.195,0,0.96,,0.00000005,,ATGCACCGGTAATATTCCTCTGC,,,
41,25,0.195,0,1.07,,0.00000005,,CGCAGGAATTAACATGATGAGCG,,,
42,25,0.195,0,0.342,,0.00000005,,GAAACACTGGATACCTGTGGGAC,,,
43,25,0.195,0,0.146,,0.00000005,,GGGATAGAACTCACGTACTCCCC,,,
44,25,0.195,0,0.585,,0.00000005,,GGGATCAGTTGTACACTCCCTAG,,,
45,25,0.195,0,0.103,,0.00000005,,ATGCGTAACACTCCGTATTGCAT,,,
46,25,0.195,0,1.93,,0.00000005,,GGTCGAAACGTTATATTAACGCG,,,
